link,title,agencies,start,end,open,notified_open,notified_1week,notified_1day
https://www.maritimenz.govt.nz/about-us/consultations/dce-40-series-package-3/,"Design, Construction, and Equipment Rules Reform: Package 3",Maritime New Zealand,2026-07-15T00:00:00+12:00,2026-09-25T00:00:00+12:00,False,True,True,True
https://www.linz.govt.nz/consultations/barnett-peak,Proposal to assign Barnett Peak as an official name,New Zealand Geographic Board,2026-08-06T00:00:00+12:00,2026-10-06T00:00:00+13:00,True,True,False,False
https://www.linz.govt.nz/consultations/hanleys-farm,Proposal to assign Hanleys Farm as the official name for the Queenstown suburb,New Zealand Geographic Board,2026-08-06T00:00:00+12:00,2026-10-06T00:00:00+13:00,True,True,False,False
https://consultations.rbnz.govt.nz/prudential-policy/prudential-levy-consultation/,Prudential Levy consultation,Reserve Bank of New Zealand,2026-08-11T00:00:00+12:00,2026-10-16T00:00:00+13:00,True,True,False,False
https://consultations.rbnz.govt.nz/rbnz/payments-modernisation-issues-paper/,Modernising New Zealand’s retail payment system,Reserve Bank of New Zealand,2026-08-18T00:00:00+12:00,2026-10-27T00:00:00+13:00,True,True,False,False
https://consult.environment.govt.nz/new-planning-system/testing-the-approach-illustrative-npd/,Testing the approach to National Policy Direction,"Ministry for Cities, Environment, Regions and Transport",2026-08-25T00:00:00+12:00,2026-10-16T00:00:00+13:00,True,True,False,False
https://www.pco.govt.nz/about-us/about-new-zealand-legislation/legislation-repeals-project/consultation-on-fourth-round-of-acts-proposed-for-repeal,Legislation Repeals Project - Consultation on Acts proposed for repeal,Parliamentary Counsel Office,2026-08-26T00:00:00+12:00,2026-10-02T00:00:00+13:00,True,True,True,False
https://www.mpi.govt.nz/consultations/options-for-homekill-and-recreational-catch,Review of the rules for homekill and recreational catch,Ministry for Primary Industries,2026-08-31T00:00:00+12:00,2026-10-05T00:00:00+13:00,True,True,True,False
https://www.taxtechnical.ird.govt.nz/consultations/2026/pub00548,PUB00548: Can an Active Investor Plus visa holder become tax resident under the permanent place of abode test?,Inland Revenue Department,2026-09-01T00:00:00+12:00,2026-10-13T00:00:00+13:00,True,True,False,False
https://www.taxtechnical.ird.govt.nz/consultations/2026/pub00266,PUB00266: Income Tax – Non-resident software suppliers’ payments derived from New Zealand,Inland Revenue Department,2026-09-02T00:00:00+12:00,2026-10-31T00:00:00+13:00,True,True,False,False
https://www.pharmac.govt.nz/news-and-resources/consultations-and-decisions/proposal-to-fund-medicines-for-people-with-high-blood-pressure-and-bacterial-infections,Proposal to fund medicines for people with high blood pressure and bacterial infections,Pharmac,2026-09-15T00:00:00+12:00,2026-09-29T00:00:00+13:00,True,True,True,True
https://consult.health.govt.nz/ethics/consultation-on-proposed-guidelines-on-pre-implant/,Consultation on proposed guidelines on pre-implantation genetic testing for cases involving specialist disagreement,Ministry of Health,2026-09-16T00:00:00+12:00,2026-10-26T00:00:00+13:00,True,True,False,False
https://www.pharmac.govt.nz/news-and-resources/consultations-and-decisions/proposal-to-widen-access-to-febuxostat-to-treat-gout,Proposal to widen access to febuxostat to treat gout,Pharmac,2026-09-16T00:00:00+12:00,2026-09-30T00:00:00+13:00,True,True,True,False
https://consult.environment.govt.nz/resource-management/auckland-city-centre-planning-provisions/,Consultation on Auckland city centre planning provisions,"Ministry for Cities, Environment, Regions and Transport",2026-09-18T00:00:00+12:00,2026-10-16T00:00:00+13:00,True,True,False,False
https://www.taxtechnical.ird.govt.nz/consultations/2026/ed0265,ED0265: Mutual associations (including clubs and societies),Inland Revenue Department,2026-09-18T00:00:00+12:00,2026-12-11T00:00:00+13:00,True,True,False,False
https://www.doc.govt.nz/get-involved/have-your-say/all-consultations/2026-consultations/he-kawa-ora-mo-te-papa-kura-o-taranaki/,He Kawa Ora mō Te Papa-Kura-o-Taranaki,Department of Conservation,,,True,True,False,False
https://www.doc.govt.nz/get-involved/have-your-say/consultations-on-authorisation-applications/,Consultations on authorisation applications,Department of Conservation,,,True,True,False,False
https://www.mbie.govt.nz/have-your-say/consultation-on-edb,Consultation on options to improve the efficiency of electricity distribution businesses,"Ministry of Business, Innovation and Employment",,2026-10-07T00:00:00+13:00,True,True,False,False
https://www.doc.govt.nz/get-involved/have-your-say/all-consultations/2026-consultations/request-for-proposal-opportunity-for-tiritiri-matangi-island-wharf/,Request for Proposal opportunity for Tiritiri Matangi Island Wharf,Department of Conservation,,2026-10-30T00:00:00+13:00,True,True,False,False
https://www.doc.govt.nz/get-involved/have-your-say/all-consultations/2026-consultations/proposed-disposal-of-conservation-area---taupo-nursery/,Proposed disposal of Conservation Area – Taupō Nursery,Department of Conservation,,2026-11-13T00:00:00+13:00,True,True,False,False
